index,lib,fq1,fq2,sample,unit
ATCACG,idx1concat,data/raw/idx1concat_1.fq.gz,data/raw/idx1concat_2.fq.gz,S001,1
ATCACG,idx1concat,data/raw/idx1concat_1.fq.gz,data/raw/idx1concat_2.fq.gz,S002,1
ATCACG,idx1concat,data/raw/idx1concat_1.fq.gz,data/raw/idx1concat_2.fq.gz,S003,1
ATCACG,idx1concat,data/raw/idx1concat_1.fq.gz,data/raw/idx1concat_2.fq.gz,S004,1
ATCACG,idx1concat,data/raw/idx1concat_1.fq.gz,data/raw/idx1concat_2.fq.gz,S005,1
ATCACG,idx1concat,data/raw/idx1concat_1.fq.gz,data/raw/idx1concat_2.fq.gz,S006,1
ATCACG,idx1concat,data/raw/idx1concat_1.fq.gz,data/raw/idx1concat_2.fq.gz,S007,1
ATCACG,idx1concat,data/raw/idx1concat_1.fq.gz,data/raw/idx1concat_2.fq.gz,S008,1
ATCACG,idx1concat,data/raw/idx1concat_1.fq.gz,data/raw/idx1concat_2.fq.gz,S009,1
ATCACG,idx1concat,data/raw/idx1concat_1.fq.gz,data/raw/idx1concat_2.fq.gz,S010,1
ATCACG,idx1concat,data/raw/idx1concat_1.fq.gz,data/raw/idx1concat_2.fq.gz,S011,1
ATCACG,idx1concat,data/raw/idx1concat_1.fq.gz,data/raw/idx1concat_2.fq.gz,S012,1
ATCACG,idx1concat,data/raw/idx1concat_1.fq.gz,data/raw/idx1concat_2.fq.gz,S013,1
ATCACG,idx1concat,data/raw/idx1concat_1.fq.gz,data/raw/idx1concat_2.fq.gz,S014,1
ATCACG,idx1concat,data/raw/idx1concat_1.fq.gz,data/raw/idx1concat_2.fq.gz,S015,1
ATCACG,idx1concat,data/raw/idx1concat_1.fq.gz,data/raw/idx1concat_2.fq.gz,S016,1
ATCACG,idx1concat,data/raw/idx1concat_1.fq.gz,data/raw/idx1concat_2.fq.gz,S017,1
ATCACG,idx1concat,data/raw/idx1concat_1.fq.gz,data/raw/idx1concat_2.fq.gz,S018,1
ATCACG,idx1concat,data/raw/idx1concat_1.fq.gz,data/raw/idx1concat_2.fq.gz,S019,1
ATCACG,idx1concat,data/raw/idx1concat_1.fq.gz,data/raw/idx1concat_2.fq.gz,S020,1
ATCACG,idx1concat,data/raw/idx1concat_1.fq.gz,data/raw/idx1concat_2.fq.gz,S021,1
ATCACG,idx1concat,data/raw/idx1concat_1.fq.gz,data/raw/idx1concat_2.fq.gz,S022,1
ATCACG,idx1concat,data/raw/idx1concat_1.fq.gz,data/raw/idx1concat_2.fq.gz,S023,1
ATCACG,idx1concat,data/raw/idx1concat_1.fq.gz,data/raw/idx1concat_2.fq.gz,S024,1
ATCACG,idx1concat,data/raw/idx1concat_1.fq.gz,data/raw/idx1concat_2.fq.gz,S025,1
ATCACG,idx1concat,data/raw/idx1concat_1.fq.gz,data/raw/idx1concat_2.fq.gz,S026,1
ATCACG,idx1concat,data/raw/idx1concat_1.fq.gz,data/raw/idx1concat_2.fq.gz,S027,1
ATCACG,idx1concat,data/raw/idx1concat_1.fq.gz,data/raw/idx1concat_2.fq.gz,S028,1
ATCACG,idx1concat,data/raw/idx1concat_1.fq.gz,data/raw/idx1concat_2.fq.gz,S029,1
ATCACG,idx1concat,data/raw/idx1concat_1.fq.gz,data/raw/idx1concat_2.fq.gz,S030,1
CGATGT,idx2concat,data/raw/idx2concat_1.fq.gz,data/raw/idx2concat_2.fq.gz,S031,1
CGATGT,idx2concat,data/raw/idx2concat_1.fq.gz,data/raw/idx2concat_2.fq.gz,S032,1
CGATGT,idx2concat,data/raw/idx2concat_1.fq.gz,data/raw/idx2concat_2.fq.gz,S033,1
CGATGT,idx2concat,data/raw/idx2concat_1.fq.gz,data/raw/idx2concat_2.fq.gz,S034,1
CGATGT,idx2concat,data/raw/idx2concat_1.fq.gz,data/raw/idx2concat_2.fq.gz,S035,1
CGATGT,idx2concat,data/raw/idx2concat_1.fq.gz,data/raw/idx2concat_2.fq.gz,S036,1
CGATGT,idx2concat,data/raw/idx2concat_1.fq.gz,data/raw/idx2concat_2.fq.gz,S037,1
CGATGT,idx2concat,data/raw/idx2concat_1.fq.gz,data/raw/idx2concat_2.fq.gz,S038,1
CGATGT,idx2concat,data/raw/idx2concat_1.fq.gz,data/raw/idx2concat_2.fq.gz,S039,1
CGATGT,idx2concat,data/raw/idx2concat_1.fq.gz,data/raw/idx2concat_2.fq.gz,S040,1
CGATGT,idx2concat,data/raw/idx2concat_1.fq.gz,data/raw/idx2concat_2.fq.gz,S041,1
CGATGT,idx2concat,data/raw/idx2concat_1.fq.gz,data/raw/idx2concat_2.fq.gz,S042,1
CGATGT,idx2concat,data/raw/idx2concat_1.fq.gz,data/raw/idx2concat_2.fq.gz,S043,1
CGATGT,idx2concat,data/raw/idx2concat_1.fq.gz,data/raw/idx2concat_2.fq.gz,S044,1
CGATGT,idx2concat,data/raw/idx2concat_1.fq.gz,data/raw/idx2concat_2.fq.gz,S045,1
CGATGT,idx2concat,data/raw/idx2concat_1.fq.gz,data/raw/idx2concat_2.fq.gz,S046,1
CGATGT,idx2concat,data/raw/idx2concat_1.fq.gz,data/raw/idx2concat_2.fq.gz,S047,1
CGATGT,idx2concat,data/raw/idx2concat_1.fq.gz,data/raw/idx2concat_2.fq.gz,S048,1
CGATGT,idx2concat,data/raw/idx2concat_1.fq.gz,data/raw/idx2concat_2.fq.gz,S049,1
CGATGT,idx2concat,data/raw/idx2concat_1.fq.gz,data/raw/idx2concat_2.fq.gz,S050,1
CGATGT,idx2concat,data/raw/idx2concat_1.fq.gz,data/raw/idx2concat_2.fq.gz,S051,1
CGATGT,idx2concat,data/raw/idx2concat_1.fq.gz,data/raw/idx2concat_2.fq.gz,S052,1
CGATGT,idx2concat,data/raw/idx2concat_1.fq.gz,data/raw/idx2concat_2.fq.gz,S053,1
CGATGT,idx2concat,data/raw/idx2concat_1.fq.gz,data/raw/idx2concat_2.fq.gz,S054,1
CGATGT,idx2concat,data/raw/idx2concat_1.fq.gz,data/raw/idx2concat_2.fq.gz,S055,1
CGATGT,idx2concat,data/raw/idx2concat_1.fq.gz,data/raw/idx2concat_2.fq.gz,S056,1
CGATGT,idx2concat,data/raw/idx2concat_1.fq.gz,data/raw/idx2concat_2.fq.gz,S057,1
CGATGT,idx2concat,data/raw/idx2concat_1.fq.gz,data/raw/idx2concat_2.fq.gz,S058,1
CGATGT,idx2concat,data/raw/idx2concat_1.fq.gz,data/raw/idx2concat_2.fq.gz,S059,1
CGATGT,idx2concat,data/raw/idx2concat_1.fq.gz,data/raw/idx2concat_2.fq.gz,S060,1
TTAGGC,idx3concat,data/raw/idx3concat_1.fq.gz,data/raw/idx3concat_2.fq.gz,S061,1
TTAGGC,idx3concat,data/raw/idx3concat_1.fq.gz,data/raw/idx3concat_2.fq.gz,S062,1
TTAGGC,idx3concat,data/raw/idx3concat_1.fq.gz,data/raw/idx3concat_2.fq.gz,S063,1
TTAGGC,idx3concat,data/raw/idx3concat_1.fq.gz,data/raw/idx3concat_2.fq.gz,S064,1
TTAGGC,idx3concat,data/raw/idx3concat_1.fq.gz,data/raw/idx3concat_2.fq.gz,S065,1
TTAGGC,idx3concat,data/raw/idx3concat_1.fq.gz,data/raw/idx3concat_2.fq.gz,S066,1
TTAGGC,idx3concat,data/raw/idx3concat_1.fq.gz,data/raw/idx3concat_2.fq.gz,S067,1
TTAGGC,idx3concat,data/raw/idx3concat_1.fq.gz,data/raw/idx3concat_2.fq.gz,S068,1
TTAGGC,idx3concat,data/raw/idx3concat_1.fq.gz,data/raw/idx3concat_2.fq.gz,S069,1
TTAGGC,idx3concat,data/raw/idx3concat_1.fq.gz,data/raw/idx3concat_2.fq.gz,S070,1
TTAGGC,idx3concat,data/raw/idx3concat_1.fq.gz,data/raw/idx3concat_2.fq.gz,S071,1
TTAGGC,idx3concat,data/raw/idx3concat_1.fq.gz,data/raw/idx3concat_2.fq.gz,S072,1
TTAGGC,idx3concat,data/raw/idx3concat_1.fq.gz,data/raw/idx3concat_2.fq.gz,S073,1
TTAGGC,idx3concat,data/raw/idx3concat_1.fq.gz,data/raw/idx3concat_2.fq.gz,S074,1
TTAGGC,idx3concat,data/raw/idx3concat_1.fq.gz,data/raw/idx3concat_2.fq.gz,S075,1
TTAGGC,idx3concat,data/raw/idx3concat_1.fq.gz,data/raw/idx3concat_2.fq.gz,S076,1
TTAGGC,idx3concat,data/raw/idx3concat_1.fq.gz,data/raw/idx3concat_2.fq.gz,S077,1
TTAGGC,idx3concat,data/raw/idx3concat_1.fq.gz,data/raw/idx3concat_2.fq.gz,S078,1
TTAGGC,idx3concat,data/raw/idx3concat_1.fq.gz,data/raw/idx3concat_2.fq.gz,S079,1
TTAGGC,idx3concat,data/raw/idx3concat_1.fq.gz,data/raw/idx3concat_2.fq.gz,S080,1
TGACCA,idx4concat,data/raw/idx4concat_1.fq.gz,data/raw/idx4concat_2.fq.gz,S081,1
TGACCA,idx4concat,data/raw/idx4concat_1.fq.gz,data/raw/idx4concat_2.fq.gz,S082,1
TGACCA,idx4concat,data/raw/idx4concat_1.fq.gz,data/raw/idx4concat_2.fq.gz,S083,1
TGACCA,idx4concat,data/raw/idx4concat_1.fq.gz,data/raw/idx4concat_2.fq.gz,S084,1
TGACCA,idx4concat,data/raw/idx4concat_1.fq.gz,data/raw/idx4concat_2.fq.gz,S085,1
TGACCA,idx4concat,data/raw/idx4concat_1.fq.gz,data/raw/idx4concat_2.fq.gz,S086,1
TGACCA,idx4concat,data/raw/idx4concat_1.fq.gz,data/raw/idx4concat_2.fq.gz,S087,1
TGACCA,idx4concat,data/raw/idx4concat_1.fq.gz,data/raw/idx4concat_2.fq.gz,S088,1
TGACCA,idx4concat,data/raw/idx4concat_1.fq.gz,data/raw/idx4concat_2.fq.gz,S089,1
TGACCA,idx4concat,data/raw/idx4concat_1.fq.gz,data/raw/idx4concat_2.fq.gz,S090,1
TGACCA,idx4concat,data/raw/idx4concat_1.fq.gz,data/raw/idx4concat_2.fq.gz,S091,1
TGACCA,idx4concat,data/raw/idx4concat_1.fq.gz,data/raw/idx4concat_2.fq.gz,S092,1
TGACCA,idx4concat,data/raw/idx4concat_1.fq.gz,data/raw/idx4concat_2.fq.gz,S093,1
TGACCA,idx4concat,data/raw/idx4concat_1.fq.gz,data/raw/idx4concat_2.fq.gz,S094,1
TGACCA,idx4concat,data/raw/idx4concat_1.fq.gz,data/raw/idx4concat_2.fq.gz,S095,1
TGACCA,idx4concat,data/raw/idx4concat_1.fq.gz,data/raw/idx4concat_2.fq.gz,S096,1
TGACCA,idx4concat,data/raw/idx4concat_1.fq.gz,data/raw/idx4concat_2.fq.gz,S097,1
TGACCA,idx4concat,data/raw/idx4concat_1.fq.gz,data/raw/idx4concat_2.fq.gz,S098,1
TGACCA,idx4concat,data/raw/idx4concat_1.fq.gz,data/raw/idx4concat_2.fq.gz,S099,1
TGACCA,idx4concat,data/raw/idx4concat_1.fq.gz,data/raw/idx4concat_2.fq.gz,S100,1
TGACCA,idx4concat,data/raw/idx4concat_1.fq.gz,data/raw/idx4concat_2.fq.gz,S101,1
TGACCA,idx4concat,data/raw/idx4concat_1.fq.gz,data/raw/idx4concat_2.fq.gz,S102,1
TGACCA,idx4concat,data/raw/idx4concat_1.fq.gz,data/raw/idx4concat_2.fq.gz,S103,1
TGACCA,idx4concat,data/raw/idx4concat_1.fq.gz,data/raw/idx4concat_2.fq.gz,S104,1
TGACCA,idx4concat,data/raw/idx4concat_1.fq.gz,data/raw/idx4concat_2.fq.gz,S105,1
TGACCA,idx4concat,data/raw/idx4concat_1.fq.gz,data/raw/idx4concat_2.fq.gz,S106,1
TGACCA,idx4concat,data/raw/idx4concat_1.fq.gz,data/raw/idx4concat_2.fq.gz,S107,1
TGACCA,idx4concat,data/raw/idx4concat_1.fq.gz,data/raw/idx4concat_2.fq.gz,S108,1
TGACCA,idx4concat,data/raw/idx4concat_1.fq.gz,data/raw/idx4concat_2.fq.gz,S109,1
TGACCA,idx4concat,data/raw/idx4concat_1.fq.gz,data/raw/idx4concat_2.fq.gz,S110,1
ACAGTG,idx5concat,data/raw/idx5concat_1.fq.gz,data/raw/idx5concat_2.fq.gz,S111,1
ACAGTG,idx5concat,data/raw/idx5concat_1.fq.gz,data/raw/idx5concat_2.fq.gz,S112,1
ACAGTG,idx5concat,data/raw/idx5concat_1.fq.gz,data/raw/idx5concat_2.fq.gz,S113,1
ACAGTG,idx5concat,data/raw/idx5concat_1.fq.gz,data/raw/idx5concat_2.fq.gz,S114,1
ACAGTG,idx5concat,data/raw/idx5concat_1.fq.gz,data/raw/idx5concat_2.fq.gz,S115,1
ACAGTG,idx5concat,data/raw/idx5concat_1.fq.gz,data/raw/idx5concat_2.fq.gz,S116,1
ACAGTG,idx5concat,data/raw/idx5concat_1.fq.gz,data/raw/idx5concat_2.fq.gz,S117,1
ACAGTG,idx5concat,data/raw/idx5concat_1.fq.gz,data/raw/idx5concat_2.fq.gz,S118,1
ACAGTG,idx5concat,data/raw/idx5concat_1.fq.gz,data/raw/idx5concat_2.fq.gz,S119,1
ACAGTG,idx5concat,data/raw/idx5concat_1.fq.gz,data/raw/idx5concat_2.fq.gz,S120,1
ACAGTG,idx5concat,data/raw/idx5concat_1.fq.gz,data/raw/idx5concat_2.fq.gz,S121,1
ACAGTG,idx5concat,data/raw/idx5concat_1.fq.gz,data/raw/idx5concat_2.fq.gz,S122,1
ACAGTG,idx5concat,data/raw/idx5concat_1.fq.gz,data/raw/idx5concat_2.fq.gz,S123,1
ACAGTG,idx5concat,data/raw/idx5concat_1.fq.gz,data/raw/idx5concat_2.fq.gz,S124,1
ACAGTG,idx5concat,data/raw/idx5concat_1.fq.gz,data/raw/idx5concat_2.fq.gz,S125,1
ACAGTG,idx5concat,data/raw/idx5concat_1.fq.gz,data/raw/idx5concat_2.fq.gz,S126,1
ACAGTG,idx5concat,data/raw/idx5concat_1.fq.gz,data/raw/idx5concat_2.fq.gz,S127,1
ACAGTG,idx5concat,data/raw/idx5concat_1.fq.gz,data/raw/idx5concat_2.fq.gz,S128,1
ACAGTG,idx5concat,data/raw/idx5concat_1.fq.gz,data/raw/idx5concat_2.fq.gz,S129,1
ACAGTG,idx5concat,data/raw/idx5concat_1.fq.gz,data/raw/idx5concat_2.fq.gz,S130,1
ACAGTG,idx5concat,data/raw/idx5concat_1.fq.gz,data/raw/idx5concat_2.fq.gz,S131,1
ACAGTG,idx5concat,data/raw/idx5concat_1.fq.gz,data/raw/idx5concat_2.fq.gz,S132,1
ACAGTG,idx5concat,data/raw/idx5concat_1.fq.gz,data/raw/idx5concat_2.fq.gz,S133,1
ACAGTG,idx5concat,data/raw/idx5concat_1.fq.gz,data/raw/idx5concat_2.fq.gz,S134,1
ACAGTG,idx5concat,data/raw/idx5concat_1.fq.gz,data/raw/idx5concat_2.fq.gz,S135,1
ACAGTG,idx5concat,data/raw/idx5concat_1.fq.gz,data/raw/idx5concat_2.fq.gz,S136,1
ACAGTG,idx5concat,data/raw/idx5concat_1.fq.gz,data/raw/idx5concat_2.fq.gz,S137,1
ACAGTG,idx5concat,data/raw/idx5concat_1.fq.gz,data/raw/idx5concat_2.fq.gz,S138,1
ACAGTG,idx5concat,data/raw/idx5concat_1.fq.gz,data/raw/idx5concat_2.fq.gz,S139,1
ACAGTG,idx5concat,data/raw/idx5concat_1.fq.gz,data/raw/idx5concat_2.fq.gz,S140,1
GCCAAT,idx6concat,data/raw/idx6concat_1.fq.gz,data/raw/idx6concat_2.fq.gz,S141,1
GCCAAT,idx6concat,data/raw/idx6concat_1.fq.gz,data/raw/idx6concat_2.fq.gz,S142,1
GCCAAT,idx6concat,data/raw/idx6concat_1.fq.gz,data/raw/idx6concat_2.fq.gz,S143,1
GCCAAT,idx6concat,data/raw/idx6concat_1.fq.gz,data/raw/idx6concat_2.fq.gz,S144,1
GCCAAT,idx6concat,data/raw/idx6concat_1.fq.gz,data/raw/idx6concat_2.fq.gz,S145,1
GCCAAT,idx6concat,data/raw/idx6concat_1.fq.gz,data/raw/idx6concat_2.fq.gz,S146,1
GCCAAT,idx6concat,data/raw/idx6concat_1.fq.gz,data/raw/idx6concat_2.fq.gz,S147,1
GCCAAT,idx6concat,data/raw/idx6concat_1.fq.gz,data/raw/idx6concat_2.fq.gz,S148,1
GCCAAT,idx6concat,data/raw/idx6concat_1.fq.gz,data/raw/idx6concat_2.fq.gz,S149,1
GCCAAT,idx6concat,data/raw/idx6concat_1.fq.gz,data/raw/idx6concat_2.fq.gz,S150,1
GCCAAT,idx6concat,data/raw/idx6concat_1.fq.gz,data/raw/idx6concat_2.fq.gz,S151,1
GCCAAT,idx6concat,data/raw/idx6concat_1.fq.gz,data/raw/idx6concat_2.fq.gz,S152,1
GCCAAT,idx6concat,data/raw/idx6concat_1.fq.gz,data/raw/idx6concat_2.fq.gz,S153,1
GCCAAT,idx6concat,data/raw/idx6concat_1.fq.gz,data/raw/idx6concat_2.fq.gz,S154,1
GCCAAT,idx6concat,data/raw/idx6concat_1.fq.gz,data/raw/idx6concat_2.fq.gz,S155,1
GCCAAT,idx6concat,data/raw/idx6concat_1.fq.gz,data/raw/idx6concat_2.fq.gz,S156,1
GCCAAT,idx6concat,data/raw/idx6concat_1.fq.gz,data/raw/idx6concat_2.fq.gz,S157,1
GCCAAT,idx6concat,data/raw/idx6concat_1.fq.gz,data/raw/idx6concat_2.fq.gz,S158,1
GCCAAT,idx6concat,data/raw/idx6concat_1.fq.gz,data/raw/idx6concat_2.fq.gz,S159,1
GCCAAT,idx6concat,data/raw/idx6concat_1.fq.gz,data/raw/idx6concat_2.fq.gz,S160,1
CAGATC,idx7concat,data/raw/idx7concat_1.fq.gz,data/raw/idx7concat_2.fq.gz,S161,1
CAGATC,idx7concat,data/raw/idx7concat_1.fq.gz,data/raw/idx7concat_2.fq.gz,S162,1
CAGATC,idx7concat,data/raw/idx7concat_1.fq.gz,data/raw/idx7concat_2.fq.gz,S163,1
CAGATC,idx7concat,data/raw/idx7concat_1.fq.gz,data/raw/idx7concat_2.fq.gz,S164,1
CAGATC,idx7concat,data/raw/idx7concat_1.fq.gz,data/raw/idx7concat_2.fq.gz,S165,1
CAGATC,idx7concat,data/raw/idx7concat_1.fq.gz,data/raw/idx7concat_2.fq.gz,S166,1
CAGATC,idx7concat,data/raw/idx7concat_1.fq.gz,data/raw/idx7concat_2.fq.gz,S167,1
CAGATC,idx7concat,data/raw/idx7concat_1.fq.gz,data/raw/idx7concat_2.fq.gz,S168,1
CAGATC,idx7concat,data/raw/idx7concat_1.fq.gz,data/raw/idx7concat_2.fq.gz,S169,1
CAGATC,idx7concat,data/raw/idx7concat_1.fq.gz,data/raw/idx7concat_2.fq.gz,S170,1
CAGATC,idx7concat,data/raw/idx7concat_1.fq.gz,data/raw/idx7concat_2.fq.gz,S171,1
CAGATC,idx7concat,data/raw/idx7concat_1.fq.gz,data/raw/idx7concat_2.fq.gz,S172,1
CAGATC,idx7concat,data/raw/idx7concat_1.fq.gz,data/raw/idx7concat_2.fq.gz,S173,1
CAGATC,idx7concat,data/raw/idx7concat_1.fq.gz,data/raw/idx7concat_2.fq.gz,S174,1
CAGATC,idx7concat,data/raw/idx7concat_1.fq.gz,data/raw/idx7concat_2.fq.gz,S175,1
CAGATC,idx7concat,data/raw/idx7concat_1.fq.gz,data/raw/idx7concat_2.fq.gz,S176,1
CAGATC,idx7concat,data/raw/idx7concat_1.fq.gz,data/raw/idx7concat_2.fq.gz,S177,1
CAGATC,idx7concat,data/raw/idx7concat_1.fq.gz,data/raw/idx7concat_2.fq.gz,S178,1
CAGATC,idx7concat,data/raw/idx7concat_1.fq.gz,data/raw/idx7concat_2.fq.gz,S179,1
CAGATC,idx7concat,data/raw/idx7concat_1.fq.gz,data/raw/idx7concat_2.fq.gz,S180,1
CAGATC,idx7concat,data/raw/idx7concat_1.fq.gz,data/raw/idx7concat_2.fq.gz,S181,1
CAGATC,idx7concat,data/raw/idx7concat_1.fq.gz,data/raw/idx7concat_2.fq.gz,S182,1
CAGATC,idx7concat,data/raw/idx7concat_1.fq.gz,data/raw/idx7concat_2.fq.gz,S183,1
CAGATC,idx7concat,data/raw/idx7concat_1.fq.gz,data/raw/idx7concat_2.fq.gz,S184,1
CAGATC,idx7concat,data/raw/idx7concat_1.fq.gz,data/raw/idx7concat_2.fq.gz,S185,1
CAGATC,idx7concat,data/raw/idx7concat_1.fq.gz,data/raw/idx7concat_2.fq.gz,S186,1
CAGATC,idx7concat,data/raw/idx7concat_1.fq.gz,data/raw/idx7concat_2.fq.gz,S187,1
CAGATC,idx7concat,data/raw/idx7concat_1.fq.gz,data/raw/idx7concat_2.fq.gz,S188,1
CAGATC,idx7concat,data/raw/idx7concat_1.fq.gz,data/raw/idx7concat_2.fq.gz,S189,1
CAGATC,idx7concat,data/raw/idx7concat_1.fq.gz,data/raw/idx7concat_2.fq.gz,S190,1
ACTTGA,idx8concat,data/raw/idx8concat_1.fq.gz,data/raw/idx8concat_2.fq.gz,S191,1
ACTTGA,idx8concat,data/raw/idx8concat_1.fq.gz,data/raw/idx8concat_2.fq.gz,S192,1
ACTTGA,idx8concat,data/raw/idx8concat_1.fq.gz,data/raw/idx8concat_2.fq.gz,S193,1
ACTTGA,idx8concat,data/raw/idx8concat_1.fq.gz,data/raw/idx8concat_2.fq.gz,S194,1
ACTTGA,idx8concat,data/raw/idx8concat_1.fq.gz,data/raw/idx8concat_2.fq.gz,S195,1
ACTTGA,idx8concat,data/raw/idx8concat_1.fq.gz,data/raw/idx8concat_2.fq.gz,S196,1
ACTTGA,idx8concat,data/raw/idx8concat_1.fq.gz,data/raw/idx8concat_2.fq.gz,S197,1
ACTTGA,idx8concat,data/raw/idx8concat_1.fq.gz,data/raw/idx8concat_2.fq.gz,S198,1
ACTTGA,idx8concat,data/raw/idx8concat_1.fq.gz,data/raw/idx8concat_2.fq.gz,S199,1
ACTTGA,idx8concat,data/raw/idx8concat_1.fq.gz,data/raw/idx8concat_2.fq.gz,S200,1
ACTTGA,idx8concat,data/raw/idx8concat_1.fq.gz,data/raw/idx8concat_2.fq.gz,S201,1
ACTTGA,idx8concat,data/raw/idx8concat_1.fq.gz,data/raw/idx8concat_2.fq.gz,S202,1
ACTTGA,idx8concat,data/raw/idx8concat_1.fq.gz,data/raw/idx8concat_2.fq.gz,S203,1
ACTTGA,idx8concat,data/raw/idx8concat_1.fq.gz,data/raw/idx8concat_2.fq.gz,S204,1
ACTTGA,idx8concat,data/raw/idx8concat_1.fq.gz,data/raw/idx8concat_2.fq.gz,S205,1
ACTTGA,idx8concat,data/raw/idx8concat_1.fq.gz,data/raw/idx8concat_2.fq.gz,S206,1
ACTTGA,idx8concat,data/raw/idx8concat_1.fq.gz,data/raw/idx8concat_2.fq.gz,S207,1
ACTTGA,idx8concat,data/raw/idx8concat_1.fq.gz,data/raw/idx8concat_2.fq.gz,S208,1
ACTTGA,idx8concat,data/raw/idx8concat_1.fq.gz,data/raw/idx8concat_2.fq.gz,S209,1
ACTTGA,idx8concat,data/raw/idx8concat_1.fq.gz,data/raw/idx8concat_2.fq.gz,S210,1
ACTTGA,idx8concat,data/raw/idx8concat_1.fq.gz,data/raw/idx8concat_2.fq.gz,S211,1
ACTTGA,idx8concat,data/raw/idx8concat_1.fq.gz,data/raw/idx8concat_2.fq.gz,S212,1
ACTTGA,idx8concat,data/raw/idx8concat_1.fq.gz,data/raw/idx8concat_2.fq.gz,S213,1
ACTTGA,idx8concat,data/raw/idx8concat_1.fq.gz,data/raw/idx8concat_2.fq.gz,S214,1
ACTTGA,idx8concat,data/raw/idx8concat_1.fq.gz,data/raw/idx8concat_2.fq.gz,S215,1
ACTTGA,idx8concat,data/raw/idx8concat_1.fq.gz,data/raw/idx8concat_2.fq.gz,S216,1
ACTTGA,idx8concat,data/raw/idx8concat_1.fq.gz,data/raw/idx8concat_2.fq.gz,S217,1
ACTTGA,idx8concat,data/raw/idx8concat_1.fq.gz,data/raw/idx8concat_2.fq.gz,S218,1
ACTTGA,idx8concat,data/raw/idx8concat_1.fq.gz,data/raw/idx8concat_2.fq.gz,S219,1
ACTTGA,idx8concat,data/raw/idx8concat_1.fq.gz,data/raw/idx8concat_2.fq.gz,S220,1
GATCAG,idx9concat,data/raw/idx9concat_1.fq.gz,data/raw/idx9concat_2.fq.gz,S221,1
GATCAG,idx9concat,data/raw/idx9concat_1.fq.gz,data/raw/idx9concat_2.fq.gz,S222,1
GATCAG,idx9concat,data/raw/idx9concat_1.fq.gz,data/raw/idx9concat_2.fq.gz,S223,1
GATCAG,idx9concat,data/raw/idx9concat_1.fq.gz,data/raw/idx9concat_2.fq.gz,S224,1
GATCAG,idx9concat,data/raw/idx9concat_1.fq.gz,data/raw/idx9concat_2.fq.gz,S225,1
GATCAG,idx9concat,data/raw/idx9concat_1.fq.gz,data/raw/idx9concat_2.fq.gz,S226,1
GATCAG,idx9concat,data/raw/idx9concat_1.fq.gz,data/raw/idx9concat_2.fq.gz,S227,1
GATCAG,idx9concat,data/raw/idx9concat_1.fq.gz,data/raw/idx9concat_2.fq.gz,S228,1
GATCAG,idx9concat,data/raw/idx9concat_1.fq.gz,data/raw/idx9concat_2.fq.gz,S229,1
GATCAG,idx9concat,data/raw/idx9concat_1.fq.gz,data/raw/idx9concat_2.fq.gz,S230,1
GATCAG,idx9concat,data/raw/idx9concat_1.fq.gz,data/raw/idx9concat_2.fq.gz,S231,1
GATCAG,idx9concat,data/raw/idx9concat_1.fq.gz,data/raw/idx9concat_2.fq.gz,S232,1
GATCAG,idx9concat,data/raw/idx9concat_1.fq.gz,data/raw/idx9concat_2.fq.gz,S233,1
GATCAG,idx9concat,data/raw/idx9concat_1.fq.gz,data/raw/idx9concat_2.fq.gz,S234,1
GATCAG,idx9concat,data/raw/idx9concat_1.fq.gz,data/raw/idx9concat_2.fq.gz,S235,1
GATCAG,idx9concat,data/raw/idx9concat_1.fq.gz,data/raw/idx9concat_2.fq.gz,S236,1
GATCAG,idx9concat,data/raw/idx9concat_1.fq.gz,data/raw/idx9concat_2.fq.gz,S237,1
GATCAG,idx9concat,data/raw/idx9concat_1.fq.gz,data/raw/idx9concat_2.fq.gz,S238,1
GATCAG,idx9concat,data/raw/idx9concat_1.fq.gz,data/raw/idx9concat_2.fq.gz,S239,1
GATCAG,idx9concat,data/raw/idx9concat_1.fq.gz,data/raw/idx9concat_2.fq.gz,S240,1
ATCACG,idx1pilot,data/raw/idx1pilot_1.fq.gz,data/raw/idx1pilot_2.fq.gz,S241,1
ATCACG,idx1pilot,data/raw/idx1pilot_1.fq.gz,data/raw/idx1pilot_2.fq.gz,S242,1
ATCACG,idx1pilot,data/raw/idx1pilot_1.fq.gz,data/raw/idx1pilot_2.fq.gz,S243,1
ATCACG,idx1pilot,data/raw/idx1pilot_1.fq.gz,data/raw/idx1pilot_2.fq.gz,S244,1
ATCACG,idx1pilot,data/raw/idx1pilot_1.fq.gz,data/raw/idx1pilot_2.fq.gz,S245,1
ATCACG,idx1pilot,data/raw/idx1pilot_1.fq.gz,data/raw/idx1pilot_2.fq.gz,S246,1
ATCACG,idx1pilot,data/raw/idx1pilot_1.fq.gz,data/raw/idx1pilot_2.fq.gz,S247,1
ATCACG,idx1pilot,data/raw/idx1pilot_1.fq.gz,data/raw/idx1pilot_2.fq.gz,S248,1
ATCACG,idx1pilot,data/raw/idx1pilot_1.fq.gz,data/raw/idx1pilot_2.fq.gz,S249,1
ATCACG,idx1pilot,data/raw/idx1pilot_1.fq.gz,data/raw/idx1pilot_2.fq.gz,S250,1